<?xml version="1.0" encoding="UTF-8"?>
<assessmentItem xmlns="http://www.imsglobal.org/xsd/imsqti_v2p2"
	xmlns:xsi="http://www.w3.org/2001/XMLSchema-instance"
	xsi:schemaLocation="http://www.imsglobal.org/xsd/imsqti_v2p2  http://www.imsglobal.org/xsd/qti/qtiv2p2/imsqti_v2p2.xsd"
	identifier="ITM_LA_0017" title="LA_0017" adaptive="false" timeDependent="false">
	<responseDeclaration identifier="RESPONSE" cardinality="multiple" baseType="string">
		<correctResponse>
			
			<value>energiepflanzen</value>
					</correctResponse>
		<mapping defaultValue="0">
			
			<mapEntry mapKey="energiepflanzen" mappedValue="1"/>
					</mapping>
	</responseDeclaration>
	<outcomeDeclaration identifier="SCORE" cardinality="single" baseType="float"/>
	<itemBody>
		<prompt>Wie heissen die Pflanzen, die Energie erzeugen koennen?</prompt>
		<textEntryInteraction responseIdentifier="RESPONSE"/>;<br/>
	</itemBody>
	<responseProcessing
		template="http://www.imsglobal.org/question/qti_v2p2/rptemplates/map_response"/>
</assessmentItem>
